group,function,value,throughput_num,throughput_type,sample_measured_value,unit,iteration_count
search_no_match,512,700000,700000,elements,19509754.0,ns,1
search_no_match,512,700000,700000,elements,39566331.0,ns,2
search_no_match,512,700000,700000,elements,59079371.0,ns,3
search_no_match,512,700000,700000,elements,77618344.0,ns,4
search_no_match,512,700000,700000,elements,101717373.0,ns,5
search_no_match,512,700000,700000,elements,120303708.0,ns,6
search_no_match,512,700000,700000,elements,137540785.0,ns,7
search_no_match,512,700000,700000,elements,154681358.0,ns,8
search_no_match,512,700000,700000,elements,174510355.0,ns,9
search_no_match,512,700000,700000,elements,195761321.0,ns,10
search_no_match,512,700000,700000,elements,211079218.0,ns,11
search_no_match,512,700000,700000,elements,234150800.0,ns,12
search_no_match,512,700000,700000,elements,255461203.0,ns,13
search_no_match,512,700000,700000,elements,273263450.0,ns,14
search_no_match,512,700000,700000,elements,293621291.0,ns,15
search_no_match,512,700000,700000,elements,315756236.0,ns,16
search_no_match,512,700000,700000,elements,330671368.0,ns,17
search_no_match,512,700000,700000,elements,349984151.0,ns,18
search_no_match,512,700000,700000,elements,368987123.0,ns,19
search_no_match,512,700000,700000,elements,388498840.0,ns,20
search_no_match,512,700000,700000,elements,404256150.0,ns,21
search_no_match,512,700000,700000,elements,422774675.0,ns,22
search_no_match,512,700000,700000,elements,445530292.0,ns,23
search_no_match,512,700000,700000,elements,469942328.0,ns,24
search_no_match,512,700000,700000,elements,492691350.0,ns,25
search_no_match,512,700000,700000,elements,511563707.0,ns,26
search_no_match,512,700000,700000,elements,542549077.0,ns,27
search_no_match,512,700000,700000,elements,541649605.0,ns,28
search_no_match,512,700000,700000,elements,559320150.0,ns,29
search_no_match,512,700000,700000,elements,580430068.0,ns,30
search_no_match,512,700000,700000,elements,597736402.0,ns,31
search_no_match,512,700000,700000,elements,613999292.0,ns,32
search_no_match,512,700000,700000,elements,635068120.0,ns,33
search_no_match,512,700000,700000,elements,664329154.0,ns,34
search_no_match,512,700000,700000,elements,671837389.0,ns,35
search_no_match,512,700000,700000,elements,690644304.0,ns,36
search_no_match,512,700000,700000,elements,717944354.0,ns,37
search_no_match,512,700000,700000,elements,734629315.0,ns,38
search_no_match,512,700000,700000,elements,752340626.0,ns,39
search_no_match,512,700000,700000,elements,780090186.0,ns,40
search_no_match,512,700000,700000,elements,810178467.0,ns,41
search_no_match,512,700000,700000,elements,825078921.0,ns,42
search_no_match,512,700000,700000,elements,863709349.0,ns,43
search_no_match,512,700000,700000,elements,916604545.0,ns,44
search_no_match,512,700000,700000,elements,910934473.0,ns,45
search_no_match,512,700000,700000,elements,904379175.0,ns,46
search_no_match,512,700000,700000,elements,921782986.0,ns,47
search_no_match,512,700000,700000,elements,933881504.0,ns,48
search_no_match,512,700000,700000,elements,959384244.0,ns,49
search_no_match,512,700000,700000,elements,963620557.0,ns,50
search_no_match,512,700000,700000,elements,999244350.0,ns,51
search_no_match,512,700000,700000,elements,1026999563.0,ns,52
search_no_match,512,700000,700000,elements,1033836648.0,ns,53
search_no_match,512,700000,700000,elements,1050317370.0,ns,54
search_no_match,512,700000,700000,elements,1057960979.0,ns,55
search_no_match,512,700000,700000,elements,1078964009.0,ns,56
search_no_match,512,700000,700000,elements,1129446570.0,ns,57
search_no_match,512,700000,700000,elements,1170206221.0,ns,58
search_no_match,512,700000,700000,elements,1159190554.0,ns,59
search_no_match,512,700000,700000,elements,1171212431.0,ns,60
search_no_match,512,700000,700000,elements,1174379923.0,ns,61
search_no_match,512,700000,700000,elements,1183588893.0,ns,62
search_no_match,512,700000,700000,elements,1209842358.0,ns,63
search_no_match,512,700000,700000,elements,1289745810.0,ns,64
search_no_match,512,700000,700000,elements,1293446989.0,ns,65
search_no_match,512,700000,700000,elements,1306738618.0,ns,66
search_no_match,512,700000,700000,elements,1297992545.0,ns,67
search_no_match,512,700000,700000,elements,1345448712.0,ns,68
search_no_match,512,700000,700000,elements,1354243452.0,ns,69
search_no_match,512,700000,700000,elements,1388391462.0,ns,70
search_no_match,512,700000,700000,elements,1387970859.0,ns,71
search_no_match,512,700000,700000,elements,1418394578.0,ns,72
search_no_match,512,700000,700000,elements,1416378285.0,ns,73
search_no_match,512,700000,700000,elements,1457681638.0,ns,74
search_no_match,512,700000,700000,elements,1455181081.0,ns,75
search_no_match,512,700000,700000,elements,1471399347.0,ns,76
search_no_match,512,700000,700000,elements,1503193827.0,ns,77
search_no_match,512,700000,700000,elements,1515560636.0,ns,78
search_no_match,512,700000,700000,elements,1526900026.0,ns,79
search_no_match,512,700000,700000,elements,1585595905.0,ns,80
search_no_match,512,700000,700000,elements,1568266522.0,ns,81
search_no_match,512,700000,700000,elements,1575027229.0,ns,82
search_no_match,512,700000,700000,elements,1585183621.0,ns,83
search_no_match,512,700000,700000,elements,1633455217.0,ns,84
search_no_match,512,700000,700000,elements,1624849147.0,ns,85
search_no_match,512,700000,700000,elements,1643264644.0,ns,86
search_no_match,512,700000,700000,elements,1668367390.0,ns,87
search_no_match,512,700000,700000,elements,1709834984.0,ns,88
search_no_match,512,700000,700000,elements,1698527990.0,ns,89
search_no_match,512,700000,700000,elements,1722113948.0,ns,90
search_no_match,512,700000,700000,elements,1754151873.0,ns,91
search_no_match,512,700000,700000,elements,1784378147.0,ns,92
search_no_match,512,700000,700000,elements,1819196302.0,ns,93
search_no_match,512,700000,700000,elements,1800362294.0,ns,94
search_no_match,512,700000,700000,elements,1819263861.0,ns,95
search_no_match,512,700000,700000,elements,1838385641.0,ns,96
search_no_match,512,700000,700000,elements,1887816360.0,ns,97
search_no_match,512,700000,700000,elements,1881867259.0,ns,98
search_no_match,512,700000,700000,elements,1893208729.0,ns,99
search_no_match,512,700000,700000,elements,1952538021.0,ns,100
